,price,type,address,url,agent_url,postcode,full_postcode,number_bedrooms,search_date,available_date,lat_lon,closest_aldi,closest_sainsburys,closest_tesco,closest_superdrug,closest_asda,closest_lidl,closest_boots,minutes_from_TCR
0,1700,2 bedroom flat,"187 East India Dock Road, London E14",http://www.rightmove.co.uk/properties/124664594#/?channel=RES_LET,http://www.rightmove.co.uk/estate-agents/agent/ludlowthompson/Canada-Water-63765.html,E14,,2,2022-07-06 11:41:47.344563,2022-08-31 00:00:00.000000,"51.5115959,-0.01290972020586343",3.62,5.81,5.47,3.9,1.95,1.14,4.92,37.0
1,1560,1 bedroom flat,"Canning Road, Stratford, E15",http://www.rightmove.co.uk/properties/124711055#/?channel=RES_LET,http://www.rightmove.co.uk/estate-agents/agent/Square-Quarters/Islington-76064.html,E15,,1,2022-07-06 11:41:47.344563,2022-02-09 00:00:00.000000,"51.5307903,0.0026687",4.83,5.61,6.82,5.17,2.91,2.83,6.11,32.0
2,1260,2 bedroom flat,"Artemis, Aphrodite Court, Stratford, E15",http://www.rightmove.co.uk/properties/124710401#/?channel=RES_LET,http://www.rightmove.co.uk/estate-agents/agent/LandQ/London-and-Quadrant-Housing-Trust-156386.html,E15,,2,2022-07-06 11:41:47.344563,2022-01-08 00:00:00.000000,"51.509648,-0.099076",4.29,1.4,0.67,0.56,2.81,2.27,1.26,22.0
3,1599,2 bedroom flat,Medway House,http://www.rightmove.co.uk/properties/124709954#/?channel=RES_LET,http://www.rightmove.co.uk/estate-agents/agent/1-Ability-Estate-Agents/London-181787.html,,,2,2022-07-06 11:41:47.344563,,"51.4997705,-0.08826375528163417",3.25,0.93,1.55,1.5,2.13,0.95,2.08,26.0
4,1650,1 bedroom flat,"Mowbray Road, Brondesbury, NW6",http://www.rightmove.co.uk/properties/124709951#/?channel=RES_LET,http://www.rightmove.co.uk/estate-agents/agent/Paramount/London---Lettings-62636.html,NW6,,1,2022-07-06 11:41:47.344563,2022-08-20 00:00:00.000000,"51.5449551,-0.2077177",0.95,4.66,5.16,5.31,9.34,4.58,4.7,30.0
5,1600,1 bedroom apartment,Clapham Road,http://www.rightmove.co.uk/properties/124709855#/?channel=RES_LET,http://www.rightmove.co.uk/estate-agents/agent/Barnard-Marcus-Lettings/Kennington-Lettings-50951.html,,,1,2022-07-06 11:41:47.344563,2022-07-28 00:00:00.000000,"51.4703448,-0.1247173",4.9,3.25,4.54,4.31,2.86,0.46,4.42,25.0
6,1700,1 bedroom flat,"Cromwell Road, South Kensington, SW7",http://www.rightmove.co.uk/properties/124709339#/?channel=RES_LET,http://www.rightmove.co.uk/estate-agents/agent/Paramount/London---Lettings-62636.html,SW7,,1,2022-07-06 11:41:47.344563,2022-12-08 00:00:00.000000,"51.5359966,-0.2986809",7.14,10.96,11.52,10.64,12.16,10.96,10.6,42.0
7,1452,1 bedroom flat,"Canning Road, Stratford, E15",http://www.rightmove.co.uk/properties/124709165#/?channel=RES_LET,http://www.rightmove.co.uk/estate-agents/agent/Square-Quarters/Islington-76064.html,E15,,1,2022-07-06 11:41:47.344563,2022-07-06 11:41:51.281486,"51.5307903,0.0026687",4.83,5.61,6.82,5.17,2.91,2.83,6.11,32.0
8,1550,1 bedroom flat,"Wellington Terrace, Notting Hill Gate, London",http://www.rightmove.co.uk/properties/124709042#/?channel=RES_LET,http://www.rightmove.co.uk/estate-agents/agent/Regal-Estates/London-61854.html,,,1,2022-07-06 11:41:47.344563,2022-09-07 00:00:00.000000,"51.513263,-0.089878",3.82,1.3,0.13,0.33,2.05,2.43,0.72,15.0
9,1699,1 bedroom flat,"Mildmay Park, Islington, N1",http://www.rightmove.co.uk/properties/77583525#/?channel=RES_LET,http://www.rightmove.co.uk/estate-agents/agent/Felicity-J-Lord/Islington-Lettings-79624.html,N1,,1,2022-07-06 11:41:47.344563,2022-02-09 00:00:00.000000,"51.5508167,-0.0848561",0.83,0.86,1.57,0.82,2.66,2.07,2.49,32.0
10,1452,1 bedroom flat,"Canning Road, Stratford, E15",http://www.rightmove.co.uk/properties/124707641#/?channel=RES_LET,http://www.rightmove.co.uk/estate-agents/agent/Square-Quarters/Islington-76064.html,E15,,1,2022-07-06 11:41:47.344563,2022-07-06 11:41:53.273045,"51.5307903,0.0026687",4.83,5.61,6.82,5.17,2.91,2.83,6.11,32.0
11,1300,1 bedroom flat,"Otter Close, Stratford, London, E15",http://www.rightmove.co.uk/properties/124706555#/?channel=RES_LET,http://www.rightmove.co.uk/estate-agents/agent/Inner-City-Estates/Bow-103850.html,E15,,1,2022-07-06 11:41:47.344563,2022-09-25 00:00:00.000000,"51.5339138,-0.0092162",4.17,4.72,6.16,4.52,2.44,2.55,5.42,35.0
12,1650,1 bedroom flat,Englands Lane Belsize Park NW3,http://www.rightmove.co.uk/properties/124190687#/?channel=RES_LET,http://www.rightmove.co.uk/estate-agents/agent/Kinleigh-Folkard-and-Hayward---Lettings/Belsize-Park-57940.html,NW3,,1,2022-07-06 11:41:47.344563,2022-08-30 00:00:00.000000,"51.513263,-0.089878",3.82,1.3,0.13,0.33,2.05,2.43,0.72,15.0
13,1250,1 bedroom flat,"North Hill, London, N6",http://www.rightmove.co.uk/properties/124704971#/?channel=RES_LET,http://www.rightmove.co.uk/estate-agents/agent/OpenRent/London-96668.html,N6,,1,2022-07-06 11:41:47.344563,2022-08-16 00:00:00.000000,"51.5811093,-0.1549176",2.29,4.64,4.24,3.56,5.89,3.68,4.97,30.0
14,1495,2 bedroom flat,"Chopwell Close, Stratford. E15",http://www.rightmove.co.uk/properties/124704923#/?channel=RES_LET,http://www.rightmove.co.uk/estate-agents/agent/Outlook/Stratford-Lettings-224522.html,E15,,2,2022-07-06 11:41:47.344563,2022-02-09 00:00:00.000000,"51.5391324,0.0029645",4.04,5.39,7.11,5.45,2.05,3.52,6.41,32.0
15,1560,1 bedroom flat,"Brixton Road, Oval",http://www.rightmove.co.uk/properties/124704806#/?channel=RES_LET,http://www.rightmove.co.uk/estate-agents/agent/Keating-Estates/Brixton-106135.html,,,1,2022-07-06 11:41:47.344563,2022-07-29 00:00:00.000000,"51.4810144,-0.1108806",3.85,1.73,3.39,2.94,2.87,1.07,3.33,23.0
16,1400,2 bedroom flat,"High Road Leyton, London, E15",http://www.rightmove.co.uk/properties/106586873#/?channel=RES_LET,http://www.rightmove.co.uk/estate-agents/agent/Hills-Estate/Ilford-152342.html,E15,,2,2022-07-06 11:41:47.344563,2022-01-08 00:00:00.000000,"51.574316,-0.010795",1.47,5.27,7.3,5.34,1.36,4.8,8.01,42.0
17,1550,2 bedroom flat,"Swan House, Stratford. E15",http://www.rightmove.co.uk/properties/124704461#/?channel=RES_LET,http://www.rightmove.co.uk/estate-agents/agent/Outlook/Stratford-Lettings-224522.html,E15,,2,2022-07-06 11:41:47.344563,2022-08-31 00:00:00.000000,"51.496593,-0.194582",3.34,4.96,5.47,3.68,4.04,5.03,3.85,32.0
18,1500,1 bedroom flat,"West End Lane, West Hampstead, NW6",http://www.rightmove.co.uk/properties/124700870#/?channel=RES_LET,http://www.rightmove.co.uk/estate-agents/agent/ML-Estates/London-45180.html,NW6,,1,2022-07-06 11:41:47.344563,2023-05-07 00:00:00.000000,"51.5467548,-0.1911081",0.77,3.55,4.01,4.65,8.84,3.42,3.63,20.0
19,1450,2 bedroom flat,"Clementina Road, E10",http://www.rightmove.co.uk/properties/124700252#/?channel=RES_LET,http://www.rightmove.co.uk/estate-agents/agent/Portico/Leyton-247505.html,E10,,2,2022-07-06 11:41:47.344563,2022-07-23 00:00:00.000000,"51.5658803,-0.0310646",0.36,3.58,5.62,3.65,1.87,3.23,6.38,50.0
20,1700,2 bedroom flat,"Kemerton Road, London, SE5",http://www.rightmove.co.uk/properties/124700102#/?channel=RES_LET,http://www.rightmove.co.uk/estate-agents/agent/OpenRent/London-96668.html,SE5,,2,2022-07-06 11:41:47.344563,2022-07-25 00:00:00.000000,"51.46996,-0.138436",5.84,3.89,4.76,4.72,1.92,1.3,4.59,35.0
21,1695,1 bedroom apartment,"Dunstan House, Stepney Green, London, E1",http://www.rightmove.co.uk/properties/124699949#/?channel=RES_LET,http://www.rightmove.co.uk/estate-agents/agent/Atkinson-McLeod/City---Lettings-40110.html,E1,,1,2022-07-06 11:41:47.344563,2022-07-10 00:00:00.000000,"51.519912,-0.04776",3.51,3.56,3.13,1.47,0.29,1.46,2.46,28.0
22,1650,1 bedroom flat,"Glengall Road, Kilburn, NW6",http://www.rightmove.co.uk/properties/124699850#/?channel=RES_LET,http://www.rightmove.co.uk/estate-agents/agent/Paramount/London---Lettings-62636.html,NW6,,1,2022-07-06 11:41:47.344563,2022-08-27 00:00:00.000000,"51.5389957,-0.2010713",0.39,4.17,4.75,4.53,8.57,4.22,4.17,33.0
23,1750,1 bedroom flat,Mill Lane London NW6,http://www.rightmove.co.uk/properties/124699856#/?channel=RES_LET,http://www.rightmove.co.uk/estate-agents/agent/Hamptons-Lettings/West-Hampstead-210116.html,NW6,,1,2022-07-06 11:41:47.344563,2022-07-15 00:00:00.000000,"51.551963,-0.1950933",1.28,3.97,4.34,5.27,8.93,3.73,4.09,25.0
24,1550,1 bedroom apartment,"Basset Court, Smithfield Square, Hornsey, N8",http://www.rightmove.co.uk/properties/124698707#/?channel=RES_LET,http://www.rightmove.co.uk/estate-agents/agent/Philip-Alexander/N8-73781.html,N8,,1,2022-07-06 11:41:47.344563,2022-09-07 00:00:00.000000,"51.513263,-0.089878",3.82,1.3,0.13,0.33,2.05,2.43,0.72,15.0
25,1350,1 bedroom flat,"Telegraph Place, Isle Of Dogs, E14",http://www.rightmove.co.uk/properties/124690235#/?channel=RES_LET,http://www.rightmove.co.uk/estate-agents/agent/Holland-Properties/London-36516.html,E14,,1,2022-07-06 11:41:47.344563,2022-09-16 00:00:00.000000,"51.4918184,-0.0193696",1.53,5.53,5.57,4.4,0.49,2.6,5.31,38.0
26,1400,1 bedroom flat,"Battersea, London, SW11",http://www.rightmove.co.uk/properties/124698674#/?channel=RES_LET,http://www.rightmove.co.uk/estate-agents/agent/OpenRent/London-96668.html,SW11,,1,2022-07-06 11:41:47.344563,2022-01-08 00:00:00.000000,"51.464960500000004,-0.16078530016166082",6.66,5.42,5.88,5.52,0.3,2.95,5.66,35.0
27,1750,1 bedroom flat,"Wellesley Court, Maida Vale, W9",http://www.rightmove.co.uk/properties/123665951#/?channel=RES_LET,http://www.rightmove.co.uk/estate-agents/agent/Home-Made-UK-Properties-Limited/London-156986.html,W9,,1,2022-07-06 11:41:47.344563,2022-07-22 00:00:00.000000,"51.382564,-0.2143031",15.38,14.83,15.74,15.31,9.82,12.04,15.54,55.0
28,1650,1 bedroom apartment,"Wayman Court, Eleanor Road, London, E8",http://www.rightmove.co.uk/properties/124695803#/?channel=RES_LET,http://www.rightmove.co.uk/estate-agents/agent/Stirling-Ackroyd-Lettings/Hackney-77505.html,E8,,1,2022-07-06 11:41:47.344563,2022-07-06 11:42:00.557639,"51.5431195,-0.0589094",1.2,1.13,3.0,1.18,2.34,0.45,3.24,37.0
29,1560,1 bedroom flat,"Canning Road, Stratford, E15",http://www.rightmove.co.uk/properties/124695128#/?channel=RES_LET,http://www.rightmove.co.uk/estate-agents/agent/Square-Quarters/Islington-76064.html,E15,,1,2022-07-06 11:41:47.344563,2022-07-06 11:42:00.907482,"51.5307903,0.0026687",4.83,5.61,6.82,5.17,2.91,2.83,6.11,32.0
30,1650,2 bedroom flat,"Hermitage Road, London, N4",http://www.rightmove.co.uk/properties/124695038#/?channel=RES_LET,http://www.rightmove.co.uk/estate-agents/agent/NowProperty/London-153164.html,N4,,2,2022-07-06 11:41:47.344563,2022-11-07 00:00:00.000000,"51.4171015,-0.0983481",7.48,8.63,10.55,10.05,7.09,6.47,10.48,55.0
31,1500,1 bedroom flat,"Transom Close, London, SE16",http://www.rightmove.co.uk/properties/124694666#/?channel=RES_LET,http://www.rightmove.co.uk/estate-agents/agent/OpenRent/London-96668.html,SE16,,1,2022-07-06 11:41:47.344563,2022-01-09 00:00:00.000000,"51.4927389,-0.0364224",2.04,4.35,4.48,3.48,1.61,2.47,4.3,33.0
32,1750,2 bedroom flat,"Parkland Road, London, N22",http://www.rightmove.co.uk/properties/124694657#/?channel=RES_LET,http://www.rightmove.co.uk/estate-agents/agent/OpenRent/London-96668.html,N22,,2,2022-07-06 11:41:47.344563,2022-07-06 11:42:02.898718,"51.59230400757752,-0.10491776493286498",1.84,5.43,5.57,1.85,2.47,3.04,6.6,32.0
33,1450,1 bedroom flat,"Newport Avenue, London, E14",http://www.rightmove.co.uk/properties/124694216#/?channel=RES_LET,http://www.rightmove.co.uk/estate-agents/agent/OpenRent/London-96668.html,E14,,1,2022-07-06 11:41:47.344563,2022-07-06 11:42:03.238942,"51.495515546852296,-0.016982743928396948",1.88,5.69,5.56,4.29,0.3,2.26,5.24,37.0
34,1600,1 bedroom flat,"Lucey Way, Bermondsey, London, SE16",http://www.rightmove.co.uk/properties/124692170#/?channel=RES_LET,http://www.rightmove.co.uk/estate-agents/agent/Foxtons/London-Bridge-55101.html,SE16,,1,2022-07-06 11:41:47.344563,,"51.4941013,-0.0652411",1.83,2.34,2.84,2.54,1.12,1.28,2.95,30.0
35,1668,1 bedroom flat,"Shrubland Road, Dalston, London, E8 4NL",http://www.rightmove.co.uk/properties/124692128#/?channel=RES_LET,http://www.rightmove.co.uk/estate-agents/agent/Bryan-Estates/London-77252.html,E8,E8 4NL,1,2022-07-06 11:41:47.344563,,"51.5394409,-0.0633288",1.13,1.15,2.7,1.17,1.9,0.67,2.73,37.0
36,1650,1 bedroom flat,"Crescent Road, Crouch End, London, N8",http://www.rightmove.co.uk/properties/124692065#/?channel=RES_LET,http://www.rightmove.co.uk/estate-agents/agent/Foxtons/Crouch-End-84073.html,N8,,1,2022-07-06 11:41:47.344563,,"51.5770154,-0.1272869",1.4,4.19,3.54,2.07,3.94,2.08,4.52,38.0
37,1690,1 bedroom apartment,"Candy Wharf, 22 Copperfield Road, London, E3",http://www.rightmove.co.uk/properties/124690877#/?channel=RES_LET,http://www.rightmove.co.uk/estate-agents/agent/Abatoria/Wapping-33248.html,E3,,1,2022-07-06 11:41:47.344563,2022-08-19 00:00:00.000000,"51.52012385,-0.03595496443096767",4.0,4.02,3.94,2.28,1.01,0.81,3.28,30.0
38,1600,2 bedroom flat,"Batwa House, London, Southwark, SE16",http://www.rightmove.co.uk/properties/124704857#/?channel=RES_LET,http://www.rightmove.co.uk/estate-agents/agent/99Home-LTD/Covering-Nationwide-176603.html,SE16,,2,2022-07-06 11:41:47.344563,,"51.515084,-0.091359",3.65,1.08,0.17,0.41,2.06,2.65,0.67,17.0
39,1700,2 bedroom flat,"St. Jude Street, London, N16",http://www.rightmove.co.uk/properties/124690613#/?channel=RES_LET,http://www.rightmove.co.uk/estate-agents/agent/OpenRent/London-96668.html,N16,,2,2022-07-06 11:41:47.344563,2022-07-30 00:00:00.000000,"51.511589,0.012649",3.97,7.2,7.25,5.66,2.65,2.89,6.68,33.0
40,1750,1 bedroom maisonette,"Gunter Grove, Chelsea, London, SW10",http://www.rightmove.co.uk/properties/123450413#/?channel=RES_LET,http://www.rightmove.co.uk/estate-agents/agent/Chestertons-Estate-Agents/Chelsea-Lettings-51283.html,SW10,,1,2022-07-06 11:41:47.344563,2022-08-08 00:00:00.000000,"51.482462,-0.1845659",4.68,5.35,5.53,4.27,2.34,4.55,4.51,34.0
41,1387,1 bedroom flat,"Blackburn Road, West Hampstead NW6",http://www.rightmove.co.uk/properties/124690544#/?channel=RES_LET,http://www.rightmove.co.uk/estate-agents/agent/Cedar-Estates/West-Hampstead-79883.html,NW6,,1,2022-07-06 11:41:47.344563,2022-01-10 00:00:00.000000,"51.5471088,-0.1901849",0.84,3.5,3.95,4.64,8.76,3.36,3.58,22.0
42,1350,1 bedroom flat,"Rokesly Avenue, London, N8",http://www.rightmove.co.uk/properties/124690508#/?channel=RES_LET,http://www.rightmove.co.uk/estate-agents/agent/OpenRent/London-96668.html,N8,,1,2022-07-06 11:41:47.344563,2022-07-06 11:42:07.313866,"51.513263,-0.089878",3.82,1.3,0.13,0.33,2.05,2.43,0.72,15.0
43,1712,2 bedroom flat,"Berens Road, London, NW10",http://www.rightmove.co.uk/properties/124690520#/?channel=RES_LET,http://www.rightmove.co.uk/estate-agents/agent/OpenRent/London-96668.html,NW10,,2,2022-07-06 11:41:47.344563,2022-08-13 00:00:00.000000,"51.5291456,-0.2205062",2.12,5.66,6.31,5.21,8.08,5.61,5.14,32.0
44,1350,1 bedroom flat,"Telegraph Place, Isle Of Dogs, E14",http://www.rightmove.co.uk/properties/124690235#/?channel=RES_LET,http://www.rightmove.co.uk/estate-agents/agent/Holland-Properties/London-36516.html,E14,,1,2022-07-06 11:41:47.344563,2022-09-16 00:00:00.000000,"51.4918184,-0.0193696",1.53,5.53,5.57,4.4,0.49,2.6,5.31,38.0
45,1712,2 bedroom apartment,"Jarret House, Bow Road, London, E3",http://www.rightmove.co.uk/properties/124690154#/?channel=RES_LET,http://www.rightmove.co.uk/estate-agents/agent/Coopers/London-83027.html,E3,,2,2022-07-06 11:41:47.344563,2022-07-06 11:42:10.736281,"51.5278764,-0.020211046333306275",4.34,4.3,5.21,3.56,2.18,1.6,4.49,27.0
46,1300,1 bedroom flat,"BATTERSEA PARK ROAD, SW11",http://www.rightmove.co.uk/properties/124690052#/?channel=RES_LET,http://www.rightmove.co.uk/estate-agents/agent/Winkworth/Battersea-85460.html,SW11,,1,2022-07-06 11:41:47.344563,2022-07-06 11:42:11.021872,"51.4725492,-0.1637068",5.8,5.13,5.27,4.72,0.81,2.99,4.99,34.0
47,1750,1 bedroom flat,"Crews Street, London, E14",http://www.rightmove.co.uk/properties/124689785#/?channel=RES_LET,http://www.rightmove.co.uk/estate-agents/agent/YOUR-MOVE-Glenwood-Lettings/Chadwell-Heath-51518.html,E14,,1,2022-07-06 11:41:47.344563,2022-08-28 00:00:00.000000,"51.4930599,-0.0249563",1.84,5.14,5.16,4.01,0.82,2.39,4.91,38.0
48,1650,2 bedroom apartment,"Sidney House, Hassett Road, Homerton, E9",http://www.rightmove.co.uk/properties/124688615#/?channel=RES_LET,http://www.rightmove.co.uk/estate-agents/agent/Inner-City-Estates/Bow-103850.html,E9,,2,2022-07-06 11:41:47.344563,2022-09-05 00:00:00.000000,"51.509648,-0.099076",4.29,1.4,0.67,0.56,2.81,2.27,1.26,22.0
49,1450,1 bedroom flat,Chaucer Drive London Bridge SE1,http://www.rightmove.co.uk/properties/124688600#/?channel=RES_LET,http://www.rightmove.co.uk/estate-agents/agent/Acorn/Kennington-50064.html,SE1,,1,2022-07-06 11:41:47.344563,2022-07-20 00:00:00.000000,"51.4897277,-0.0748994",1.81,1.76,2.89,2.86,0.68,0.63,3.22,31.0
50,1733,1 bedroom flat,"Magdalen Mews, Hampstead NW3",http://www.rightmove.co.uk/properties/124679147#/?channel=RES_LET,http://www.rightmove.co.uk/estate-agents/agent/Cedar-Estates/West-Hampstead-79883.html,NW3,,1,2022-07-06 11:41:47.344563,2022-02-09 00:00:00.000000,"51.509648,-0.099076",4.29,1.4,0.67,0.56,2.81,2.27,1.26,22.0
51,1647,1 bedroom flat,"Elite House, London E14",http://www.rightmove.co.uk/properties/124688330#/?channel=RES_LET,http://www.rightmove.co.uk/estate-agents/agent/JLL/Canary-Wharf-212327.html,E14,,1,2022-07-06 11:41:47.344563,2022-07-09 00:00:00.000000,"51.51300875,-0.02982676306507469",4.0,4.9,4.29,2.71,1.73,0.18,3.74,30.0
52,1733,1 bedroom flat,"Orsett Terrace, London",http://www.rightmove.co.uk/properties/124687070#/?channel=RES_LET,http://www.rightmove.co.uk/estate-agents/agent/Cavendish-Rowe/London-228362.html,,,1,2022-07-06 11:41:47.344563,2022-08-31 00:00:00.000000,"51.5179177,-0.1836283",0.89,3.63,4.53,2.41,5.99,3.3,2.39,23.0
53,1699,2 bedroom flat,Old Kent Road Walworth SE1,http://www.rightmove.co.uk/properties/85594773#/?channel=RES_LET,http://www.rightmove.co.uk/estate-agents/agent/Acorn/London-Bridge-50683.html,SE1,,2,2022-07-06 11:41:47.344563,2022-07-14 00:00:00.000000,"51.4892511,-0.0786376",1.98,1.53,2.85,2.77,0.81,0.43,3.23,28.0
54,1733,1 bedroom apartment,"St Williams Court, 1 Gifford Street, Kings Cross, Islington, London, N1",http://www.rightmove.co.uk/properties/124686944#/?channel=RES_LET,http://www.rightmove.co.uk/estate-agents/agent/relocate-mecouk/London-33012.html,N1,,1,2022-07-06 11:41:47.344563,2022-07-06 11:42:14.763172,"51.540854,-0.121452",1.46,1.22,0.97,1.27,4.48,1.41,1.36,29.0
55,1700,3 bedroom flat,"Lordship Lane, London, N17 6AA",http://www.rightmove.co.uk/properties/124686839#/?channel=RES_LET,http://www.rightmove.co.uk/estate-agents/agent/Hunters/Tottenham-165956.html,N17,N17 6AA,3,2022-07-06 11:41:47.344563,,"51.597907,-0.0681265",0.22,5.61,6.69,3.15,0.49,4.44,7.7,32.0
56,1582,1 bedroom flat,"Blackburn Road, West Hampstead NW6",http://www.rightmove.co.uk/properties/124686605#/?channel=RES_LET,http://www.rightmove.co.uk/estate-agents/agent/Cedar-Estates/West-Hampstead-79883.html,NW6,,1,2022-07-06 11:41:47.344563,2022-07-26 00:00:00.000000,"51.5471088,-0.1901849",0.84,3.5,3.95,4.64,8.76,3.36,3.58,22.0
57,1500,1 bedroom apartment,Queenstown Road London SW8,http://www.rightmove.co.uk/properties/124686527#/?channel=RES_LET,http://www.rightmove.co.uk/estate-agents/agent/Kinleigh-Folkard-and-Hayward---Lettings/Battersea-Park-Lettings-156782.html,SW8,,1,2022-07-06 11:41:47.344563,2022-07-06 11:42:16.584936,"51.4752161,-0.1462935",5.81,3.94,4.4,4.33,1.71,1.79,4.2,34.0
58,1500,1 bedroom flat,"Victoria Road, Queen's Park",http://www.rightmove.co.uk/properties/124686458#/?channel=RES_LET,http://www.rightmove.co.uk/estate-agents/agent/Camerons-Stiff-and-Co/Willesden-Green-London-Lettings-34175.html,,,1,2022-07-06 11:41:47.344563,2022-08-22 00:00:00.000000,"51.53438,-0.20724",1.03,4.65,5.27,4.6,8.22,4.64,4.49,28.0
59,1700,2 bedroom flat,"High Road, London, E10 6QE",http://www.rightmove.co.uk/properties/124686389#/?channel=RES_LET,http://www.rightmove.co.uk/estate-agents/agent/Humphrey-and-Co/London-79533.html,E10,E10 6QE,2,2022-07-06 11:41:47.344563,2022-07-06 11:42:17.243727,"51.6014736,-0.1117815",2.96,6.55,6.41,2.97,3.07,4.1,7.42,32.0
60,1495,1 bedroom apartment,"Hillfield Avenue, London, N8",http://www.rightmove.co.uk/properties/124685702#/?channel=RES_LET,http://www.rightmove.co.uk/estate-agents/agent/The-Online-Letting-Agents-Ltd/Bury-St-Edmunds-82831.html,N8,,1,2022-07-06 11:41:47.344563,2022-11-08 00:00:00.000000,"51.513263,-0.089878",3.82,1.3,0.13,0.33,2.05,2.43,0.72,15.0
61,1625,1 bedroom flat,"The Bow Connection, E3",http://www.rightmove.co.uk/properties/124685477#/?channel=RES_LET,http://www.rightmove.co.uk/estate-agents/agent/Look-Property-Services-Ltd/Bow-8286.html,E3,,1,2022-07-06 11:41:47.344563,2022-07-16 00:00:00.000000,"51.53102345,-0.02267235512654188",4.03,3.98,5.17,3.54,2.15,1.89,4.43,32.0
62,1550,1 bedroom flat,"Grattan Court, Bow E3",http://www.rightmove.co.uk/properties/124684097#/?channel=RES_LET,http://www.rightmove.co.uk/estate-agents/agent/Alex-Neil-Estate-Agents/Bow-and-Bethnal-Green---Lettings-73854.html,E3,,1,2022-07-06 11:41:47.344563,2022-01-10 00:00:00.000000,"51.513263,-0.089878",3.82,1.3,0.13,0.33,2.05,2.43,0.72,15.0
63,1400,1 bedroom flat,"Stoke Newington High Street, London, N16",http://www.rightmove.co.uk/properties/124683929#/?channel=RES_LET,http://www.rightmove.co.uk/estate-agents/agent/Live-London-Estates/Golders-Green-141884.html,N16,,1,2022-07-06 11:41:47.344563,2022-07-06 11:42:18.692273,"51.5606043,-0.0734382",1.59,1.45,2.9,1.48,1.4,2.2,3.83,41.0
64,1600,1 bedroom flat,"High Street, London, E15",http://www.rightmove.co.uk/properties/124683479#/?channel=RES_LET,http://www.rightmove.co.uk/estate-agents/agent/OpenRent/London-96668.html,E15,,1,2022-07-06 11:41:47.344563,2022-05-08 00:00:00.000000,"51.5392955,-0.0010627912292897714",3.88,5.11,6.85,5.17,1.93,3.36,6.16,30.0
65,1750,1 bedroom flat,"Parliament Hill, London, NW3",http://www.rightmove.co.uk/properties/124683395#/?channel=RES_LET,http://www.rightmove.co.uk/estate-agents/agent/OpenRent/London-96668.html,NW3,,1,2022-07-06 11:41:47.344563,2022-09-14 00:00:00.000000,"51.5596203,-0.1597717",1.89,2.51,2.42,2.83,6.34,1.84,2.8,35.0
66,1700,2 bedroom maisonette,"Stoke Newington High Street, London, N16",http://www.rightmove.co.uk/properties/124682954#/?channel=RES_LET,http://www.rightmove.co.uk/estate-agents/agent/Live-London-Estates/Golders-Green-141884.html,N16,,2,2022-07-06 11:41:47.344563,2022-01-08 00:00:00.000000,"51.5606043,-0.0734382",1.59,1.45,2.9,1.48,1.4,2.2,3.83,41.0
67,1500,2 bedroom apartment,"Lea Bridge Road, London",http://www.rightmove.co.uk/properties/124682696#/?channel=RES_LET,http://www.rightmove.co.uk/estate-agents/agent/Bricks-Estate-Agents/Loughton-244235.html,,,2,2022-07-06 11:41:47.344563,2022-07-15 00:00:00.000000,"51.513263,-0.089878",3.82,1.3,0.13,0.33,2.05,2.43,0.72,15.0
68,1733,1 bedroom flat,"Tansy House, 23 Forest Road, London E17",http://www.rightmove.co.uk/properties/124682567#/?channel=RES_LET,http://www.rightmove.co.uk/estate-agents/agent/JC-Living/London-237080.html,E17,,1,2022-07-06 11:41:47.344563,2022-05-09 00:00:00.000000,"51.599513,-0.004453",3.83,7.5,9.34,6.95,2.33,7.4,10.24,50.0
69,1408,1 bedroom apartment,"Seven Sisters Road, Finsbury Park, N4",http://www.rightmove.co.uk/properties/124680494#/?channel=RES_LET,http://www.rightmove.co.uk/estate-agents/agent/McHugh-and-Co/London-90947.html,N4,,1,2022-07-06 11:41:47.344563,2022-11-07 00:00:00.000000,"51.5805735,-0.0780961",1.37,3.68,4.64,1.43,0.97,2.51,5.65,26.0
70,1500,2 bedroom flat,"Stevenson Cresent , London , SE16 3EN",http://www.rightmove.co.uk/properties/124681997#/?channel=RES_LET,http://www.rightmove.co.uk/estate-agents/agent/Hunters/London-76339.html,SE16,SE16 3EN,2,2022-07-06 11:41:47.344563,,"51.522731,-0.101376",3.19,0.08,0.16,1.27,2.59,2.48,1.19,18.0
71,1452,1 bedroom apartment,"Shoot Up Hill, Kilburn, London, NW2",http://www.rightmove.co.uk/properties/124681271#/?channel=RES_LET,http://www.rightmove.co.uk/estate-agents/agent/Oakhill-Residential/West-Hampsted-140510.html,NW2,,1,2022-07-06 11:41:47.344563,2022-07-06 11:42:23.581926,"51.5498406,-0.206802",1.28,4.69,5.12,5.63,9.77,4.52,4.77,30.0
72,1499,1 bedroom flat,"Rosegate House, Hereford Road, E3",http://www.rightmove.co.uk/properties/77728678#/?channel=RES_LET,http://www.rightmove.co.uk/estate-agents/agent/Felicity-J-Lord/Bow-Lettings-11470.html,E3,,1,2022-07-06 11:41:47.344563,2022-06-08 00:00:00.000000,"51.5299559,-0.028354908903240206",3.74,3.7,4.76,3.14,1.75,1.73,4.02,34.0
73,1500,1 bedroom flat,38B Camden High StreetLondon,http://www.rightmove.co.uk/properties/124023818#/?channel=RES_LET,http://www.rightmove.co.uk/estate-agents/agent/Benjamin-Stevens/Edgware-93881.html,,,1,2022-07-06 11:41:47.344563,2022-07-07 00:00:00.000000,,,,,,,,,
74,1575,1 bedroom flat,Haverstock Hill London NW3,http://www.rightmove.co.uk/properties/124214339#/?channel=RES_LET,http://www.rightmove.co.uk/estate-agents/agent/Hamptons-Lettings/Belsize-Park-210095.html,NW3,,1,2022-07-06 11:41:47.344563,2022-07-06 11:42:25.624250,"51.5488251,-0.1619502",1.88,1.74,2.02,3.15,6.87,1.41,1.93,23.0
75,1733,1 bedroom flat,"Magdalen Mews, Hampstead NW3",http://www.rightmove.co.uk/properties/124679147#/?channel=RES_LET,http://www.rightmove.co.uk/estate-agents/agent/Cedar-Estates/West-Hampstead-79883.html,NW3,,1,2022-07-06 11:41:47.344563,2022-02-09 00:00:00.000000,"51.509648,-0.099076",4.29,1.4,0.67,0.56,2.81,2.27,1.26,22.0
76,1350,1 bedroom flat,Oakeshott Avenue,http://www.rightmove.co.uk/properties/124680047#/?channel=RES_LET,http://www.rightmove.co.uk/estate-agents/agent/Kinleigh-Folkard-and-Hayward---Lettings/Highgate-111325.html,,,1,2022-07-06 11:41:47.344563,2022-08-31 00:00:00.000000,"51.5655373,-0.1498595",1.1,2.87,2.51,2.29,5.54,2.09,3.2,38.0
77,1733,1 bedroom flat,"Magdalen Mews, Hampstead NW3",http://www.rightmove.co.uk/properties/124679147#/?channel=RES_LET,http://www.rightmove.co.uk/estate-agents/agent/Cedar-Estates/West-Hampstead-79883.html,NW3,,1,2022-07-06 11:41:47.344563,2022-02-09 00:00:00.000000,"51.509648,-0.099076",4.29,1.4,0.67,0.56,2.81,2.27,1.26,21.0
78,1750,2 bedroom flat,"George Row, Bermondsey",http://www.rightmove.co.uk/properties/124220483#/?channel=RES_LET,http://www.rightmove.co.uk/estate-agents/agent/Alex-Crown-Lettings-and-Estate-Agents/Islington-102122.html,,,2,2022-07-06 11:41:47.344563,2022-08-15 00:00:00.000000,"51.4985831,-0.0689381",2.39,2.13,2.29,2.03,1.57,1.25,2.39,28.0
79,1517,1 bedroom flat,Borough High Street,http://www.rightmove.co.uk/properties/124678946#/?channel=RES_LET,http://www.rightmove.co.uk/estate-agents/agent/Black-Katz/London-Bridge-49784.html,,,1,2022-07-06 11:41:47.344563,2022-07-06 11:42:29.368504,"51.5012205,-0.093275",3.61,0.83,1.37,1.12,2.47,1.25,1.98,19.0
80,1450,1 bedroom apartment,Bywater Place Surrey Quays SE16,http://www.rightmove.co.uk/properties/124678883#/?channel=RES_LET,http://www.rightmove.co.uk/estate-agents/agent/Kinleigh-Folkard-and-Hayward---Lettings/Canada-Water-57985.html,SE16,,1,2022-07-06 11:41:47.344563,2022-07-19 00:00:00.000000,"51.5049835,-0.0366125",3.19,4.48,3.94,2.57,2.02,1.19,3.54,33.0
81,1400,1 bedroom apartment,"Eagle Heights, Hale Village, London, N17",http://www.rightmove.co.uk/properties/78175069#/?channel=RES_LET,http://www.rightmove.co.uk/estate-agents/agent/Madison-Fox/London-205187.html,N17,,1,2022-07-06 11:41:47.344563,2022-07-30 00:00:00.000000,"51.513263,-0.089878",3.82,1.3,0.13,0.33,2.05,2.43,0.72,14.0
82,1517,1 bedroom flat,Borough High Street,http://www.rightmove.co.uk/properties/124678673#/?channel=RES_LET,http://www.rightmove.co.uk/estate-agents/agent/Black-Katz/London-Bridge-49784.html,,,1,2022-07-06 11:41:47.344563,2022-07-06 11:42:32.361711,"51.5012205,-0.093275",3.61,0.83,1.37,1.12,2.47,1.25,1.98,19.0
83,1400,1 bedroom flat,"Kelly Avenue,  London, SE15",http://www.rightmove.co.uk/properties/113079113#/?channel=RES_LET,http://www.rightmove.co.uk/estate-agents/agent/Truepennys-Property-Consultants/Dulwich-49874.html,SE15,,1,2022-07-06 11:41:47.344563,2022-07-18 00:00:00.000000,"51.4762968,-0.0754929",1.41,2.61,4.29,4.05,0.99,1.81,4.69,43.0
84,1750,1 bedroom apartment,"Richmond Road, London Fields, Dalston, Hackney, London, E8",http://www.rightmove.co.uk/properties/124217210#/?channel=RES_LET,http://www.rightmove.co.uk/estate-agents/agent/Statuum/London-237224.html,E8,,1,2022-07-06 11:41:47.344563,2022-07-06 11:42:33.194597,"51.467317,-0.324452",12.08,14.52,15.06,13.22,11.08,14.18,13.34,67.0
85,1500,2 bedroom apartment,"Leighton Road, Kentish Town, London, NW5",http://www.rightmove.co.uk/properties/42653169#/?channel=RES_LET,http://www.rightmove.co.uk/estate-agents/agent/Martyn-Gerrard/Kentish-Town-40491.html,NW5,,2,2022-07-06 11:41:47.344563,2022-09-22 00:00:00.000000,"51.5506397,-0.1329365",1.58,1.27,0.58,1.28,4.98,0.71,1.59,20.0
86,1560,2 bedroom apartment,"Belsize Road, Kilburn NW6",http://www.rightmove.co.uk/properties/124676993#/?channel=RES_LET,http://www.rightmove.co.uk/estate-agents/agent/Parkheath/West-Hampstead-72716.html,NW6,,2,2022-07-06 11:41:47.344563,2022-08-17 00:00:00.000000,"51.5416317,-0.1797747",1.13,2.7,3.25,3.72,8.31,2.72,2.73,29.0
87,1500,1 bedroom flat,"Jebb Street, London, E3",http://www.rightmove.co.uk/properties/123904292#/?channel=RES_LET,http://www.rightmove.co.uk/estate-agents/agent/Elms-Estates/Bethnal-Green-71927.html,E3,,1,2022-07-06 11:41:47.344563,2022-09-07 00:00:00.000000,"51.51702,-0.093849",3.51,0.81,0.42,0.64,2.15,2.9,0.76,16.0
88,1700,2 bedroom apartment,"Cadmus Close, London",http://www.rightmove.co.uk/properties/124676588#/?channel=RES_LET,http://www.rightmove.co.uk/estate-agents/agent/Orlando-Reid/London-86327.html,,,2,2022-07-06 11:41:47.344563,2022-07-22 00:00:00.000000,"51.513263,-0.089878",3.82,1.3,0.13,0.33,2.05,2.43,0.72,14.0
89,1500,1 bedroom flat,"Whiting Way, London, SE16",http://www.rightmove.co.uk/properties/124676102#/?channel=RES_LET,http://www.rightmove.co.uk/estate-agents/agent/Gordon-and-Co/Tower-Bridge-78217.html,SE16,,1,2022-07-06 11:41:47.344563,2022-03-09 00:00:00.000000,"51.367181,0.004073",12.49,15.89,17.59,17.37,12.21,14.67,17.86,66.0
90,1500,1 bedroom apartment,"Salton Square, London, E14",http://www.rightmove.co.uk/properties/85679967#/?channel=RES_LET,http://www.rightmove.co.uk/estate-agents/agent/A2Dominion-Group/A2Dominion-Lettings-101431.html,E14,,1,2022-07-06 11:41:47.344563,2022-08-07 00:00:00.000000,"51.495515546852296,-0.016982743928396948",1.88,5.69,5.56,4.29,0.3,2.26,5.24,36.0
91,1365,1 bedroom flat,"Fordwych Road, Kilburn, NW2",http://www.rightmove.co.uk/properties/124675745#/?channel=RES_LET,http://www.rightmove.co.uk/estate-agents/agent/Abacus-Estates/West-Hampstead-London-26267.html,NW2,,1,2022-07-06 11:41:47.344563,2022-10-08 00:00:00.000000,"51.5518788,-0.2071767",1.48,4.77,5.17,5.81,9.74,4.57,4.87,34.0
92,1452,1 bedroom flat,"Cavendish Road, Kilburn NW6",http://www.rightmove.co.uk/properties/124675355#/?channel=RES_LET,http://www.rightmove.co.uk/estate-agents/agent/Cedar-Estates/West-Hampstead-79883.html,NW6,,1,2022-07-06 11:41:47.344563,2022-09-09 00:00:00.000000,"51.5445237,-0.2052632",0.78,4.49,4.99,5.15,9.24,4.42,4.53,29.0
93,1300,1 bedroom flat,"Channelsea House, Stratford, E15",http://www.rightmove.co.uk/properties/124673867#/?channel=RES_LET,http://www.rightmove.co.uk/estate-agents/agent/David-Daniels/Stratford-Lettings-76481.html,E15,,1,2022-07-06 11:41:47.344563,2022-07-23 00:00:00.000000,"51.530013,0.001847",4.88,5.59,6.74,5.09,2.98,2.74,6.04,34.0
94,1750,1 bedroom apartment,Ingelow Road London SW8,http://www.rightmove.co.uk/properties/124673864#/?channel=RES_LET,http://www.rightmove.co.uk/estate-agents/agent/Kinleigh-Folkard-and-Hayward---Lettings/Battersea-57907.html,SW8,,1,2022-07-06 11:41:47.344563,2022-08-20 00:00:00.000000,"51.502775,-0.192641",2.66,4.55,5.17,3.25,4.59,4.53,3.38,24.0
95,1400,1 bedroom flat,"Denmark Hill, LONDON SE5",http://www.rightmove.co.uk/properties/124673210#/?channel=RES_LET,http://www.rightmove.co.uk/estate-agents/agent/Sheraton-Management-Ltd/London-77739.html,SE5,,1,2022-07-06 11:41:47.344563,2022-08-22 00:00:00.000000,"51.468043,-0.0896031",2.65,3.03,5.06,4.51,2.28,2.24,5.16,31.0
96,1746,1 bedroom apartment,"73 Thorparch Road, London, SW8",http://www.rightmove.co.uk/properties/123943931#/?channel=RES_LET,http://www.rightmove.co.uk/estate-agents/agent/Life-Residential/Nine-Elms-Riverside-Office---Lettings-54922.html,SW8,,1,2022-07-06 11:41:47.344563,2022-08-07 00:00:00.000000,"51.4764677,-0.1333325",5.41,3.13,3.96,3.91,2.53,0.94,3.8,34.0
97,1300,1 bedroom flat,"Newington Green, Newington Green, N16",http://www.rightmove.co.uk/properties/74722062#/?channel=RES_LET,http://www.rightmove.co.uk/estate-agents/agent/Alex-Marks/London-90731.html,N16,,1,2022-07-06 11:41:47.344563,2022-07-20 00:00:00.000000,"51.55165645,-0.08510578451219492",0.9,0.92,1.62,0.88,2.58,1.99,2.55,31.0
98,1670,1 bedroom flat,"Buckler Court, London, N7",http://www.rightmove.co.uk/properties/124672427#/?channel=RES_LET,http://www.rightmove.co.uk/estate-agents/agent/OpenRent/London-96668.html,N7,,1,2022-07-06 11:41:47.344563,2022-05-09 00:00:00.000000,"51.550962299999995,-0.11486481149266088",2.06,1.72,1.37,0.86,3.92,0.74,2.09,23.0
99,1712,1 bedroom apartment,"Beresford Road, London, N5",http://www.rightmove.co.uk/properties/124672010#/?channel=RES_LET,http://www.rightmove.co.uk/estate-agents/agent/Winkworth/Highbury-Park-52785.html,N5,,1,2022-07-06 11:41:47.344563,2022-07-23 00:00:00.000000,"51.5499489,-0.087591",0.94,1.01,1.37,0.96,2.82,2.03,2.3,31.0
100,1750,1 bedroom flat,"Wellesley Court, Maida Vale, W9",http://www.rightmove.co.uk/properties/123665951#/?channel=RES_LET,http://www.rightmove.co.uk/estate-agents/agent/Home-Made-UK-Properties-Limited/London-156986.html,W9,,1,2022-07-06 11:41:47.344563,2022-07-22 00:00:00.000000,"51.382564,-0.2143031",15.38,14.83,15.74,15.31,9.82,12.04,15.54,54.0
101,1275,1 bedroom flat,"St Johns Villas, N19",http://www.rightmove.co.uk/properties/124670999#/?channel=RES_LET,http://www.rightmove.co.uk/estate-agents/agent/JTM-Homes/London---Lettings-29933.html,N19,,1,2022-07-06 11:41:47.344563,2022-07-09 00:00:00.000000,"51.5650818,-0.1305474",0.24,2.84,2.19,1.1,4.23,1.22,3.17,23.0
102,1625,2 bedroom flat,"Brighton Terrace, Brixton",http://www.rightmove.co.uk/properties/85501050#/?channel=RES_LET,http://www.rightmove.co.uk/estate-agents/agent/Dexters/Clapham-High-Street-84875.html,,,2,2022-07-06 11:41:47.344563,,"51.461784,-0.117399",4.7,3.88,5.48,5.12,3.34,1.33,5.38,24.0
103,1300,1 bedroom apartment,"Camberwell Church Street, London, SE5",http://www.rightmove.co.uk/properties/124670030#/?channel=RES_LET,http://www.rightmove.co.uk/estate-agents/agent/Key-Property-Consultants/Penge-160727.html,SE5,,1,2022-07-06 11:41:47.344563,2022-07-30 00:00:00.000000,"51.47554315822922,-0.08792169923197445",2.28,2.26,4.23,3.75,1.6,1.84,4.44,37.0
104,1750,2 bedroom apartment,"Stepney, E1",http://www.rightmove.co.uk/properties/87808885#/?channel=RES_LET,http://www.rightmove.co.uk/estate-agents/agent/Lloyds-Residential/Bethnal-Green-15950.html,E1,,2,2022-07-06 11:41:47.344563,2022-08-13 00:00:00.000000,"51.517383,-0.0539466",3.55,3.38,2.65,1.0,0.58,1.79,2.02,23.0
105,1400,1 bedroom apartment,"Lighterman Point, New Village Avenue, London, E14",http://www.rightmove.co.uk/properties/124669676#/?channel=RES_LET,http://www.rightmove.co.uk/estate-agents/agent/Inner-City-Estates/Bow-103850.html,E14,,1,2022-07-06 11:41:47.344563,2022-09-07 00:00:00.000000,"51.5133062,-0.00017313395288663557",3.88,6.36,6.35,4.75,2.32,1.98,5.78,36.0
106,1599,1 bedroom flat,"Manor Gardens, Holloway",http://www.rightmove.co.uk/properties/124213610#/?channel=RES_LET,http://www.rightmove.co.uk/estate-agents/agent/Dexters/Kentish-Town-218729.html,,,1,2022-07-06 11:41:47.344563,,"51.5603562,-0.1233906",0.91,2.54,1.8,0.38,3.91,0.5,2.84,26.0
107,1380,1 bedroom flat," Topsfield Parade, Flat A, London, N8 8PR",http://www.rightmove.co.uk/properties/124456673#/?channel=RES_LET,http://www.rightmove.co.uk/estate-agents/agent/Planet-International/London-70326.html,N8,N8 8PR,1,2022-07-06 11:41:47.344563,2022-11-07 00:00:00.000000,"51.513263,-0.089878",3.82,1.3,0.13,0.33,2.05,2.43,0.72,14.0
108,1350,1 bedroom flat,"Stroud Green Road, Finsbury Park, N4",http://www.rightmove.co.uk/properties/124668134#/?channel=RES_LET,http://www.rightmove.co.uk/estate-agents/agent/Homelink-Lettings-and-Estates/London-13040.html,N4,,1,2022-07-06 11:41:47.344563,2022-09-07 00:00:00.000000,"51.5662294,-0.1071794",1.36,3.12,2.76,1.21,2.63,0.24,3.7,23.0
109,1733,1 bedroom maisonette,"Warlock Road, London, W9",http://www.rightmove.co.uk/properties/124668083#/?channel=RES_LET,http://www.rightmove.co.uk/estate-agents/agent/Mountgrange-Heritage/North-Kensington-84580.html,W9,,1,2022-07-06 11:41:47.344563,2022-02-09 00:00:00.000000,"51.52702,-0.2013754",1.55,4.45,5.15,3.88,7.31,4.35,3.81,33.0
110,1712,2 bedroom flat,"Rathcoole gardens, Crouch Hill",http://www.rightmove.co.uk/properties/124408916#/?channel=RES_LET,http://www.rightmove.co.uk/estate-agents/agent/Living-Space-Estate-Agents/Islington-237116.html,,,2,2022-07-06 11:41:47.344563,2022-10-09 00:00:00.000000,"51.5831269,-0.114238",1.41,4.86,4.4,1.39,3.21,2.13,5.43,38.0
111,1750,1 bedroom flat,"GFF, Richmond Road, London",http://www.rightmove.co.uk/properties/85698459#/?channel=RES_LET,http://www.rightmove.co.uk/estate-agents/agent/Smartmove-Property/London-79896.html,,,1,2022-07-06 11:41:47.344563,2022-08-15 00:00:00.000000,"51.517344,-0.094739",3.5,0.74,0.47,0.71,2.2,2.95,0.82,16.0
112,1582,1 bedroom flat,"Shirland Road, Maida Vale, W9 ",http://www.rightmove.co.uk/properties/124666025#/?channel=RES_LET,http://www.rightmove.co.uk/estate-agents/agent/Goldschmidt-and-Howland/Little-Venice---Lettings-73965.html,W9,,1,2022-07-06 11:41:47.344563,2022-10-09 00:00:00.000000,"51.524353,-0.1890514",0.94,3.78,4.52,2.97,6.78,3.61,2.9,21.0
113,1500,2 bedroom flat,"Frome Road, Turnpike Lane, London, N22",http://www.rightmove.co.uk/properties/124665731#/?channel=RES_LET,http://www.rightmove.co.uk/estate-agents/agent/Michael-Naik/London-101870.html,N22,,2,2022-07-06 11:41:47.344563,2001-08-01 00:00:00.000000,"51.5886484,-0.1115911",1.69,5.27,5.04,1.69,2.98,2.68,6.07,32.0
114,1700,2 bedroom flat,"187 East India Dock Road, London E14",http://www.rightmove.co.uk/properties/124664594#/?channel=RES_LET,http://www.rightmove.co.uk/estate-agents/agent/ludlowthompson/Canada-Water-63765.html,E14,,2,2022-07-06 11:41:47.344563,2022-08-31 00:00:00.000000,"51.5115959,-0.01290972020586343",3.62,5.81,5.47,3.9,1.95,1.14,4.92,36.0
115,1700,1 bedroom flat,"Cromwell Road, South Kensington, SW7",http://www.rightmove.co.uk/properties/124709339#/?channel=RES_LET,http://www.rightmove.co.uk/estate-agents/agent/Paramount/London---Lettings-62636.html,SW7,,1,2022-07-06 11:41:47.344563,2022-12-08 00:00:00.000000,"51.5359966,-0.2986809",7.14,10.96,11.52,10.64,12.16,10.96,10.6,41.0
